{"cameraMode":{"drawMode":0,"name":"Shaded","section":"Shading Mode"},"sceneLighting":true,"audioPlay":false,"sceneViewState":{"m_AlwaysRefresh":false,"showFog":true,"showSkybox":false,"showFlares":true,"showImageEffects":true,"showParticleSystems":true,"showVisualEffectGraphs":true,"m_FxEnabled":true},"in2DMode":false,"pivot":{"x":0.7105164527893066,"y":8.379066467285157,"z":24.554378509521486},"rotation":{"x":-0.19208961725234986,"y":-0.07147503644227982,"z":0.014027371071279049,"w":-0.9786805510520935},"size":18.658065795898439,"orthographic":false}